filename,background,aeroplane,bicycle,bird,boat,bottle,bus,car,cat,chair,cow,diningtable,dog,horse,motorbike,person,potted plant,sheep,sofa,train,tv/monitor,red,n_red,yellow,n_yellow,green,n_green,cyan,n_cyan,blue,n_blue,magenta,n_magenta,emotion
peder-severin-kroyer_hip-hip-hurrah-,0.6534827544031311,0,0,0.014811643835616438,0,0.003213674168297456,0,0,0,0,0,0.02411325831702544,0.00033635029354207435,0,0,0.3040423189823875,0,0,0,0,0,0.42472480430528375,8,0.02577360567514677,2,0.33868639921722116,7,0.17283512720156557,10,0,0,0.03798006360078278,7,
